{
    "qpos_limits": [[-2.96706, -2.0944, -2.96706, -2.0944, -2.96706, -2.0944, -3.05433], [2.96706, 2.0944, 2.96706, 2.0944, 2.96706, 2.0944, 3.05433]],
    "velocity_limits": [[-1.0, -1.0, -1.0, -1.0, -1.0, -1.0, -1.0], [1.0, 1.0, 1.0, 1.0, 1.0, 1.0, 1.0]]
  }