{
    "qpos_limits": [[-6.28319, 0.820305, -6.28319, 0.523599, -6.28319, 1.13446, -6.28319], [6.28319, 5.46288, 6.28319, 5.75959, 6.28319, 5.14872, 6.28319]],
    "velocity_limits": [[-1.0, -1.0, -1.0, -1.0, -1.0, -1.0, -1.0], [1.0, 1.0, 1.0, 1.0, 1.0, 1.0, 1.0]]
  }