{
    "qpos_limits": [[-6.28319, -2.41, -6.28319, -2.66, -6.28319, -2.23, -6.28319], [6.28319, 2.41, 6.28319, 2.66, 6.28319, 2.23, 6.28319]],
    "velocity_limits": [[-1.0, -1.0, -1.0, -1.0, -1.0, -1.0, -1.0], [1.0, 1.0, 1.0, 1.0, 1.0, 1.0, 1.0]]
  }