{
  "qpos_limits": [[-6.28319, -6.28319, -3.14159, -6.28319, -6.28319, -6.28319], [6.28319, 6.28319, 3.14159, 6.28319, 6.28319, 6.28319]],
  "velocity_limits": [[-1.0, -1.0, -1.0, -1.0, -1.0, -1.0], [1.0, 1.0, 1.0, 1.0, 1.0, 1.0]]
}